CREATE DATABASE IF NOT EXISTS dev;
USE dev;
create table courses (id bigint not null auto_increment, name varchar(255), primary key (id)) engine=InnoDB;
create table student_courses (student_id bigint not null, course_id bigint not null, primary key (student_id, course_id)) engine=InnoDB;
create table students (id bigint not null auto_increment, name varchar(255), primary key (id)) engine=InnoDB;


INSERT INTO courses (id, name) VALUES (1, "Programming");
INSERT INTO courses (id, name) VALUES (2, "Data Bases");
INSERT INTO courses (id, name) VALUES (3, "Algorithms");

INSERT INTO students (id, name) VALUES (1, "Kamari Cline");
INSERT INTO students (id, name) VALUES (2, "Landen Johnson");
INSERT INTO students (id, name) VALUES (3, "Chaim Palmer");
INSERT INTO students (id, name) VALUES (4, "Barrett Jordan");
INSERT INTO students (id, name) VALUES (5, "Mario Whitaker");
INSERT INTO students (id, name) VALUES (6, "Karly Howell");
INSERT INTO students (id, name) VALUES (7, "Jaycee Vega");
INSERT INTO students (id, name) VALUES (8, "Joslyn Wyatt");
INSERT INTO students (id, name) VALUES (9, "Israel Harmon");
INSERT INTO students (id, name) VALUES (10, "Richard Miranda");
INSERT INTO students (id, name) VALUES (11, "Addison Norris");
INSERT INTO students (id, name) VALUES (12, "Natasha Mcconnell");
INSERT INTO students (id, name) VALUES (13, "Madilyn Adams");
INSERT INTO students (id, name) VALUES (14, "Ivan Mcmillan");
INSERT INTO students (id, name) VALUES (15, "Danika Love");
INSERT INTO students (id, name) VALUES (16, "Saul Crawford");
INSERT INTO students (id, name) VALUES (17, "Maleah Caldwell");
INSERT INTO students (id, name) VALUES (18, "Ari Foley");
INSERT INTO students (id, name) VALUES (19, "Precious Chaney");
INSERT INTO students (id, name) VALUES (20, "Brock Steele");
INSERT INTO students (id, name) VALUES (21, "Eden Graves");
INSERT INTO students (id, name) VALUES (22, "Rubi Bryan");
INSERT INTO students (id, name) VALUES (23, "Alejandro Huynh");
INSERT INTO students (id, name) VALUES (24, "Reese Mullins");
INSERT INTO students (id, name) VALUES (25, "Braxton Duran");
INSERT INTO students (id, name) VALUES (26, "Summer Howell");
INSERT INTO students (id, name) VALUES (27, "Leila Cunningham");
INSERT INTO students (id, name) VALUES (28, "Karlee Shepard");
INSERT INTO students (id, name) VALUES (29, "Eleanor Collins");
INSERT INTO students (id, name) VALUES (30, "Gracie Duarte");
INSERT INTO students (id, name) VALUES (31, "Braylon Colon");
INSERT INTO students (id, name) VALUES (32, "Anna Potter");
INSERT INTO students (id, name) VALUES (33, "Maggie Barker");
INSERT INTO students (id, name) VALUES (34, "Kobe Poole");
INSERT INTO students (id, name) VALUES (35, "Kaylin Robbins");
INSERT INTO students (id, name) VALUES (36, "Yael Valdez");
INSERT INTO students (id, name) VALUES (37, "Akira Mcbride");
INSERT INTO students (id, name) VALUES (38, "Azaria Saunders");
INSERT INTO students (id, name) VALUES (39, "Adalyn Andersen");
INSERT INTO students (id, name) VALUES (40, "Jocelynn Hughes");
INSERT INTO students (id, name) VALUES (41, "Nathalia Sloan");
INSERT INTO students (id, name) VALUES (42, "Danika Donovan");
INSERT INTO students (id, name) VALUES (43, "Maliyah Roach");
INSERT INTO students (id, name) VALUES (44, "Deborah Norton");
INSERT INTO students (id, name) VALUES (45, "Boston Pham");
INSERT INTO students (id, name) VALUES (46, "Cristina Skinner");
INSERT INTO students (id, name) VALUES (47, "Aubree Odonnell");
INSERT INTO students (id, name) VALUES (48, "Joey Herman");
INSERT INTO students (id, name) VALUES (49, "Charlie Church");
INSERT INTO students (id, name) VALUES (50, "Sonny Beard");

INSERT INTO student_courses (student_id, course_id) VALUES (1,1);
INSERT INTO student_courses (student_id, course_id) VALUES (2,1);
INSERT INTO student_courses (student_id, course_id) VALUES (3,1);
INSERT INTO student_courses (student_id, course_id) VALUES (4,1);
INSERT INTO student_courses (student_id, course_id) VALUES (5,1);
INSERT INTO student_courses (student_id, course_id) VALUES (6,1);
INSERT INTO student_courses (student_id, course_id) VALUES (7,1);
INSERT INTO student_courses (student_id, course_id) VALUES (8,1);
INSERT INTO student_courses (student_id, course_id) VALUES (9,1);
INSERT INTO student_courses (student_id, course_id) VALUES (10,1);

INSERT INTO student_courses (student_id, course_id) VALUES (11,1);
INSERT INTO student_courses (student_id, course_id) VALUES (12,1);
INSERT INTO student_courses (student_id, course_id) VALUES (13,1);
INSERT INTO student_courses (student_id, course_id) VALUES (14,1);
INSERT INTO student_courses (student_id, course_id) VALUES (15,1);
INSERT INTO student_courses (student_id, course_id) VALUES (16,1);
INSERT INTO student_courses (student_id, course_id) VALUES (17,1);
INSERT INTO student_courses (student_id, course_id) VALUES (18,1);
INSERT INTO student_courses (student_id, course_id) VALUES (19,1);
INSERT INTO student_courses (student_id, course_id) VALUES (20,1);

INSERT INTO student_courses (student_id, course_id) VALUES (21,1);
INSERT INTO student_courses (student_id, course_id) VALUES (22,1);
INSERT INTO student_courses (student_id, course_id) VALUES (23,1);
INSERT INTO student_courses (student_id, course_id) VALUES (24,1);
INSERT INTO student_courses (student_id, course_id) VALUES (25,1);
INSERT INTO student_courses (student_id, course_id) VALUES (26,1);
INSERT INTO student_courses (student_id, course_id) VALUES (27,1);
INSERT INTO student_courses (student_id, course_id) VALUES (28,1);
INSERT INTO student_courses (student_id, course_id) VALUES (29,1);
INSERT INTO student_courses (student_id, course_id) VALUES (30,1);

INSERT INTO student_courses (student_id, course_id) VALUES (31,1);
INSERT INTO student_courses (student_id, course_id) VALUES (32,1);
INSERT INTO student_courses (student_id, course_id) VALUES (33,1);
INSERT INTO student_courses (student_id, course_id) VALUES (34,1);
INSERT INTO student_courses (student_id, course_id) VALUES (35,1);
INSERT INTO student_courses (student_id, course_id) VALUES (36,1);
INSERT INTO student_courses (student_id, course_id) VALUES (37,1);
INSERT INTO student_courses (student_id, course_id) VALUES (38,1);
INSERT INTO student_courses (student_id, course_id) VALUES (39,1);
INSERT INTO student_courses (student_id, course_id) VALUES (40,1);

INSERT INTO student_courses (student_id, course_id) VALUES (41,1);
INSERT INTO student_courses (student_id, course_id) VALUES (42,1);
INSERT INTO student_courses (student_id, course_id) VALUES (43,1);
INSERT INTO student_courses (student_id, course_id) VALUES (44,1);
INSERT INTO student_courses (student_id, course_id) VALUES (45,1);
INSERT INTO student_courses (student_id, course_id) VALUES (46,1);
INSERT INTO student_courses (student_id, course_id) VALUES (47,1);
INSERT INTO student_courses (student_id, course_id) VALUES (48,2);
INSERT INTO student_courses (student_id, course_id) VALUES (49,2);
INSERT INTO student_courses (student_id, course_id) VALUES (50,2);